{
  "translation": {
    "headerTitle": "My {{appName}} Header Title",
    "ESD_TEST": {
      "TABLE_HEADER": "ESD Station",
      "ADD_STATION": "Add Station",
      "TABLE": {
        "USER_ID": "Serial Number",
        "NAME": "Operators",
        "ROLE": "Role",
        "ACTIONS": "Actions",
        "COLUMNS": "Filter Columns",
        "DENSITY": "Adjust Density",
        "SEARCH": "Search",
        "COMPACT": "Compact",
        "STANDARD": "Standard",
        "CONFORTABLE": "Confortable"
      },
      "CONFIRM_DIALOG": {
        "CONFIRM-TEXT": "Are you sure you want to delete this ESD Station?",
        "CLOSE": "Close",
        "SAVE": "Save",
        "DELETE_STATION": "Delete Station"
      },
      "DIALOG": {
        "CLOSE": "Close",
        "SAVE": "Save",
        "CREATE_STATION": "Create Station",
        "EDIT_STATION": "Edit Sation"
      },
      "TOAST": {
        "CREATE_SUCCESS": "Station created successfully",
        "TOAST_ERROR": "Operation not completed successfully",
        "CREATE_ERROR": "Operation not completed successfully",
        "DELETE_SUCCESS": "Station successfully deleted",
        "UPDATE_SUCCESS": "Station successfully updated"
      }
    },
    "ESD_OPERATOR": {
      "TABLE_HEADER": "ESD Operator",
      "ADD_OPERATOR": "Add Operator",
      "TABLE": {
        "USER_ID": "Badge",
        "NAME": "Operator",
        "ROLE": "Role",
        "ACTIONS": "Actions",
        "COLUMNS": "Filter Columns",
        "DENSITY": "Adjust Density",
        "SEARCH": "Search",
        "COMPACT": "Compact",
        "STANDARD": "Standard",
        "CONFORTABLE": "Confortable"
      },
      "CONFIRM_DIALOG": {
        "CONFIRM-TEXT": "Are you sure you want to delete this ESD Operator?",
        "CLOSE": "Close",
        "SAVE": "Delete",
        "DELETE_STATION": "Delete Operator"
      },
      "DIALOG": {
        "CLOSE": "Close",
        "SAVE": "Save",
        "CREATE_STATION": "Create Operator",
        "EDIT_STATION": "Edit Sation"
      },
      "TOAST": {
        "CREATE_SUCCESS": "Operator created successfully",
        "TOAST_ERROR": "Operation not completed successfully",
        "CREATE_ERROR": "Operation not completed successfully",
        "DELETE_SUCCESS": "Operator successfully deleted",
        "UPDATE_SUCCESS": "Operator successfully updated"
      }
    },
    "ESD_MONITOR": {
      "TABLE_HEADER": "ESD Monitor",
      "ADD_MONITOR": "Add Monitor",
      "TABLE": {
        "USER_ID": "Serial Number",
        "NAME": "Monitor",
        "ROLE": "Serial Number",
        "ACTIONS": "Actions",
        "COLUMNS": "Filter Columns",
        "DENSITY": "Adjust Density",
        "SEARCH": "Search",
        "COMPACT": "Compact",
        "STANDARD": "Standard",
        "CONFORTABLE": "Confortable"
      },
      "CONFIRM_DIALOG": {
        "CONFIRM-TEXT": "Are you sure you want to delete this ESD Monitor?",
        "CLOSE": "Close",
        "SAVE": "Delete",
        "DELETE_STATION": "Delete Monitor"
      },
      "DIALOG": {
        "CLOSE": "Close",
        "SAVE": "Save",
        "CREATE_STATION": "Create Monitor",
        "EDIT_STATION": "Edit Sation"
      },
      "TOAST": {
        "CREATE_SUCCESS": "Monitor created successfully",
        "TOAST_ERROR": "Operation not completed successfully",
        "CREATE_ERROR": "Operation not completed successfully",
        "DELETE_SUCCESS": "Monitor successfully deleted",
        "UPDATE_SUCCESS": "Monitor successfully updated"
      }
    },
    "FCT_Home_Page": {
      "Header": "Home Page",
      "Label": "FCT for test automation"
    }
  }
}
