{
  "translation": {
    "headerTitle": "Meu Titulo do Cabecalho do {{appName}}",
    "ESD_TEST": {
      "TABLE_HEADER": "Estações ESD",
      "ADD_STATION": "Adicionar Estação",
      "TABLE": {
        "USER_ID": "Número de Série",
        "NAME": "Operadores",
        "ACTIONS": "Ações",
        "COLUMNS": "Filtrar Colunas",
        "DENSITY": "Ajustar Exibição",
        "SEARCH": "Pesquisar",
        "COMPACT": "Compacto",
        "STANDARD": "Padrão",
        "CONFORTABLE": "Confortável"
      },
      "CONFIRM_DIALOG": {
        "CONFIRM-TEXT": "Deseja excluir a estação ESD?",
        "CLOSE": "Fechar",
        "SAVE": "Salvar",
        "DELETE_STATION": "Excluir Operador"
      },
      "DIALOG": {
        "CLOSE": "Fechar",
        "SAVE": "Salvar",
        "CREATE_STATION": "Adicionar Operador",
        "EDIT_STATION": "Editar Operador"
      },
      "TOAST": {
        "CREATE_SUCCESS": "Operador criada com sucesso",
        "TOAST_ERROR": "Operação não pode ser concluída",
        "DELETE_SUCCESS": "Operador Excluída com sucesso",
        "UPDATE_SUCCESS": "Operador atualizada com sucesso"
      }
    },
    "ESD_OPERATOR": {
      "TABLE_HEADER": "Operadores ESD",
      "ADD_OPERATOR": "Adicionar Operador",
      "TABLE": {
        "USER_ID": "Matrícula",
        "NAME": "Operador",
        "ACTIONS": "Ações",
        "COLUMNS": "Filtrar Colunas",
        "DENSITY": "Ajustar Exibição",
        "SEARCH": "Pesquisar",
        "ROLE": "Cargo",
        "COMPACT": "Compacto",
        "STANDARD": "Padrão",
        "CONFORTABLE": "Confortável"
      },
      "CONFIRM_DIALOG": {
        "CONFIRM-TEXT": "Deseja excluir o Operador?",
        "CLOSE": "Fechar",
        "SAVE": "Excluir",
        "DELETE_STATION": "Excluir Operador"
      },
      "DIALOG": {
        "CLOSE": "Fechar",
        "SAVE": "Salvar",
        "CREATE_STATION": "Adicionar Operador",
        "EDIT_STATION": "Editar Operador"
      },
      "TOAST": {
        "CREATE_SUCCESS": "Operador criado com sucesso",
        "TOAST_ERROR": "Operação não pode ser concluída",
        "DELETE_SUCCESS": "Operador Excluído com sucesso",
        "UPDATE_SUCCESS": "Operador atualizado com sucesso"
      }
    },
    "ESD_MONITOR": {
      "TABLE_HEADER": "Monitores ESD",
      "ADD_MONITOR": "Adicionar Monitor",
      "TABLE": {
        "USER_ID": "Número de Série",
        "NAME": "Monitor",
        "ACTIONS": "Ações",
        "COLUMNS": "Filtrar Colunas",
        "DENSITY": "Ajustar Exibição",
        "SEARCH": "Pesquisar",
        "STATION": "Estação",
        "COMPACT": "Compacto",
        "STANDARD": "Padrão",
        "CONFORTABLE": "Confortável"
      },
      "CONFIRM_DIALOG": {
        "CONFIRM-TEXT": "Deseja excluir o Monitor?",
        "CLOSE": "Fechar",
        "SAVE": "Excluir",
        "DELETE_STATION": "Excluir Monitor"
      },
      "DIALOG": {
        "CLOSE": "Fechar",
        "SAVE": "Salvar",
        "CREATE_STATION": "Adicionar Monitor",
        "EDIT_STATION": "Editar Monitor"
      },
      "TOAST": {
        "CREATE_SUCCESS": "Monitor criado com sucesso",
        "TOAST_ERROR": "Operação não pode ser concluída",
        "DELETE_SUCCESS": "Monitor Excluído com sucesso",
        "UPDATE_SUCCESS": "Monitor atualizado com sucesso"
      }
    },
    "FCT_Home_Page": {
      "Header": "Página Inicial",
      "Label": "FCT para automação dos testes"
    }
  }
}
